<?xml version="1.0" encoding="utf-8"?>
<ModelInformation Version="1.0">
  <Model>
    <P Name="MdlSubVersion">1</P>
    <P Name="SavedCharacterEncoding">UTF-8</P>
    <P Name="ScopeRefreshTime">0.035000</P>
    <P Name="OverrideScopeRefreshTime">on</P>
    <P Name="DisableAllScopes">off</P>
    <P Name="DataTypeOverride">UseLocalSettings</P>
    <P Name="DataTypeOverrideAppliesTo">AllNumericTypes</P>
    <P Name="MinMaxOverflowLogging">UseLocalSettings</P>
    <P Name="MinMaxOverflowArchiveMode">Overwrite</P>
    <P Name="FPTRunName">Run 1</P>
    <P Name="MaxMDLFileLineLength">120</P>
    <P Name="LastSavedArchitecture">glnxa64</P>
    <Object PropName="BdWindowsInfo" ObjectID="1" ClassName="Simulink.BDWindowsInfo">
      <Object PropName="WindowsInfo" ObjectID="2" ClassName="Simulink.WindowInfo">
        <P Name="IsActive" Class="logical">1</P>
        <P Name="Location" Class="double">[65.0, 24.0, 1855.0, 1056.0]</P>
        <Object PropName="ModelBrowserInfo" ObjectID="3" ClassName="Simulink.ModelBrowserInfo">
          <P Name="Visible" Class="logical">0</P>
          <P Name="DockPosition" Class="char">Left</P>
          <P Name="Width" Class="int32">50</P>
          <P Name="Height" Class="int32">50</P>
          <P Name="Filter" Class="int32">9</P>
        </Object>
        <Object PropName="ExplorerBarInfo" ObjectID="4" ClassName="Simulink.ExplorerBarInfo">
          <P Name="Visible" Class="logical">1</P>
        </Object>
        <Object PropName="EditorsInfo" ObjectID="5" ClassName="Simulink.EditorInfo">
          <P Name="IsActive" Class="logical">1</P>
          <P Name="ViewObjType" Class="char">SimulinkTopLevel</P>
          <P Name="LoadSaveID" Class="char">0</P>
          <P Name="Extents" Class="double">[1821.0, 911.0]</P>
          <P Name="ZoomFactor" Class="double">2.0</P>
          <P Name="Offset" Class="double">[704.21099995325949, 144.27441858669027]</P>
        </Object>
      </Object>
    </Object>
    <ConfigManagerSettings>
      <P Name="UpdateHistory">UpdateHistoryNever</P>
      <P Name="ModifiedByFormat">%&lt;Auto&gt;</P>
      <P Name="ModifiedDateFormat">%&lt;Auto&gt;</P>
      <P Name="RTWModifiedTimeStamp">439055000</P>
      <P Name="ModelVersionFormat">1.%&lt;AutoIncrement:43&gt;</P>
    </ConfigManagerSettings>
    <EditorSettings>
      <P Name="SampleTimeColors">off</P>
      <P Name="SampleTimeAnnotations">off</P>
      <P Name="LibraryLinkDisplay">disabled</P>
      <P Name="WideLines">off</P>
      <P Name="ShowLineDimensions">off</P>
      <P Name="ShowPortDataTypes">off</P>
      <P Name="ShowEditTimeErrors">on</P>
      <P Name="ShowEditTimeWarnings">off</P>
      <P Name="ShowEditTimeAdvisorChecks">off</P>
      <P Name="ShowPortUnits">off</P>
      <P Name="ShowDesignRanges">off</P>
      <P Name="ShowLoopsOnError">on</P>
      <P Name="IgnoreBidirectionalLines">off</P>
      <P Name="ShowStorageClass">off</P>
      <P Name="ShowTestPointIcons">on</P>
      <P Name="ShowSignalResolutionIcons">on</P>
      <P Name="ShowViewerIcons">on</P>
      <P Name="SortedOrder">off</P>
      <P Name="VariantCondition">off</P>
      <P Name="ExecutionContextIcon">off</P>
      <P Name="ShowLinearizationAnnotations">on</P>
      <P Name="ShowVisualizeInsertedRTB">on</P>
      <P Name="ShowMarkup">on</P>
      <P Name="BlockNameDataTip">off</P>
      <P Name="BlockParametersDataTip">off</P>
      <P Name="BlockDescriptionStringDataTip">off</P>
      <P Name="ToolBar">on</P>
      <P Name="StatusBar">on</P>
      <P Name="BrowserShowLibraryLinks">off</P>
      <P Name="FunctionConnectors">off</P>
      <P Name="BrowserLookUnderMasks">off</P>
    </EditorSettings>
    <SimulationSettings>
      <P Name="SimulationMode">normal</P>
      <P Name="PauseTimes">5</P>
      <P Name="NumberOfSteps">1</P>
      <P Name="SnapshotBufferSize">10</P>
      <P Name="SnapshotInterval">10</P>
      <P Name="NumberOfLastSnapshots">0</P>
      <P Name="LinearizationMsg">none</P>
      <P Name="Profile">off</P>
      <P Name="ParamWorkspaceSource">MATLABWorkspace</P>
      <P Name="AccelSystemTargetFile">accel.tlc</P>
      <P Name="AccelTemplateMakefile">accel_default_tmf</P>
      <P Name="AccelMakeCommand">make_rtw</P>
      <P Name="TryForcingSFcnDF">off</P>
      <Object PropName="DataLoggingOverride" ObjectID="6" ClassName="Simulink.SimulationData.ModelLoggingInfo">
        <P Name="model_" Class="char">dynamics</P>
        <P Name="overrideMode_" Class="uint32">0U</P>
        <Array PropName="logAsSpecifiedByModels_" Type="Cell" Dimension="1*1">
          <Cell Class="char">dynamics</Cell>
        </Array>
        <Array PropName="logAsSpecifiedByModelsSSIDs_" Type="Cell" Dimension="1*1">
          <Cell Class="double">[]</Cell>
        </Array>
      </Object>
    </SimulationSettings>
    <ExternalMode>
      <P Name="ExtModeBatchMode">off</P>
      <P Name="ExtModeEnableFloating">on</P>
      <P Name="ExtModeTrigType">manual</P>
      <P Name="ExtModeTrigMode">normal</P>
      <P Name="ExtModeTrigPort">1</P>
      <P Name="ExtModeTrigElement">any</P>
      <P Name="ExtModeTrigDuration">1000</P>
      <P Name="ExtModeTrigDurationFloating">auto</P>
      <P Name="ExtModeTrigHoldOff">0</P>
      <P Name="ExtModeTrigDelay">0</P>
      <P Name="ExtModeTrigDirection">rising</P>
      <P Name="ExtModeTrigLevel">0</P>
      <P Name="ExtModeArchiveMode">off</P>
      <P Name="ExtModeAutoIncOneShot">off</P>
      <P Name="ExtModeIncDirWhenArm">off</P>
      <P Name="ExtModeAddSuffixToVar">off</P>
      <P Name="ExtModeWriteAllDataToWs">off</P>
      <P Name="ExtModeArmWhenConnect">on</P>
      <P Name="ExtModeSkipDownloadWhenConnect">off</P>
      <P Name="ExtModeLogAll">on</P>
      <P Name="ExtModeAutoUpdateStatusClock">on</P>
    </ExternalMode>
    <ModelReferenceSettings>
      <P Name="ShowModelReferenceBlockVersion">off</P>
      <P Name="ShowModelReferenceBlockIO">off</P>
    </ModelReferenceSettings>
    <ConcurrentExecutionSettings>
      <Object PropName="DataTransfer" ObjectID="7" ClassName="Simulink.GlobalDataTransfer">
        <P Name="DefaultTransitionBetweenSyncTasks" Class="char">Ensure deterministic transfer (maximum delay)</P>
        <P Name="DefaultTransitionBetweenAsyncTasks" Class="char">Ensure data integrity only</P>
        <P Name="DefaultTransitionBetweenContTasks" Class="char">Ensure deterministic transfer (minimum delay)</P>
        <P Name="DefaultExtrapolationMethodBetweenContTasks" Class="char">None</P>
        <P Name="AutoInsertRateTranBlk" Class="logical">0</P>
      </Object>
      <P Name="ExplicitPartitioning">off</P>
    </ConcurrentExecutionSettings>
    <SystemDefaults>
      <P Name="PaperOrientation">landscape</P>
      <P Name="PaperPositionMode">auto</P>
      <P Name="PaperType">usletter</P>
      <P Name="PaperUnits">inches</P>
      <P Name="TiledPaperMargins">[0.500000, 0.500000, 0.500000, 0.500000]</P>
      <P Name="TiledPageScale">1</P>
      <P Name="ShowPageBoundaries">off</P>
      <P Name="ModelBrowserVisibility">off</P>
      <P Name="ModelBrowserWidth">200</P>
      <P Name="ScreenColor">white</P>
    </SystemDefaults>
    <BlockDefaults>
      <P Name="ForegroundColor">black</P>
      <P Name="BackgroundColor">white</P>
      <P Name="DropShadow">off</P>
      <P Name="NamePlacement">normal</P>
      <P Name="FontName">Helvetica</P>
      <P Name="FontSize">10</P>
      <P Name="FontWeight">normal</P>
      <P Name="FontAngle">normal</P>
      <P Name="ShowName">on</P>
      <P Name="BlockRotation">0</P>
      <P Name="BlockMirror">off</P>
    </BlockDefaults>
    <AnnotationDefaults>
      <P Name="HorizontalAlignment">center</P>
      <P Name="VerticalAlignment">middle</P>
      <P Name="ForegroundColor">black</P>
      <P Name="BackgroundColor">white</P>
      <P Name="DropShadow">off</P>
      <P Name="FontName">Helvetica</P>
      <P Name="FontSize">10</P>
      <P Name="FontWeight">normal</P>
      <P Name="FontAngle">normal</P>
      <P Name="UseDisplayTextAsClickCallback">off</P>
    </AnnotationDefaults>
    <LineDefaults>
      <P Name="FontName">Helvetica</P>
      <P Name="FontSize">9</P>
      <P Name="FontWeight">normal</P>
      <P Name="FontAngle">normal</P>
    </LineDefaults>
    <MaskDefaults>
      <P Name="SelfModifiable">off</P>
      <P Name="IconFrame">on</P>
      <P Name="IconOpaque">opaque</P>
      <P Name="RunInitForIconRedraw">off</P>
      <P Name="IconRotate">none</P>
      <P Name="PortRotate">default</P>
      <P Name="IconUnits">autoscale</P>
    </MaskDefaults>
    <MaskParameterDefaults>
      <P Name="Evaluate">on</P>
      <P Name="Tunable">on</P>
      <P Name="NeverSave">off</P>
      <P Name="Internal">off</P>
      <P Name="ReadOnly">off</P>
      <P Name="Enabled">on</P>
      <P Name="Visible">on</P>
      <P Name="ToolTip">on</P>
    </MaskParameterDefaults>
    <BlockParameterDefaults>
      <Block BlockType="Constant">
        <P Name="Value">1</P>
        <P Name="VectorParams1D">on</P>
        <P Name="SamplingMode">Sample based</P>
        <P Name="OutMin">[]</P>
        <P Name="OutMax">[]</P>
        <P Name="OutDataTypeStr">Inherit: Inherit from &apos;Constant value&apos;</P>
        <P Name="LockScale">off</P>
        <P Name="SampleTime">inf</P>
        <P Name="FramePeriod">inf</P>
        <P Name="PreserveConstantTs">off</P>
      </Block>
      <Block BlockType="Demux">
        <P Name="Outputs">4</P>
        <P Name="DisplayOption">none</P>
        <P Name="BusSelectionMode">off</P>
      </Block>
      <Block BlockType="Inport">
        <P Name="Port">1</P>
        <P Name="OutputFunctionCall">off</P>
        <P Name="OutMin">[]</P>
        <P Name="OutMax">[]</P>
        <P Name="OutDataTypeStr">Inherit: auto</P>
        <P Name="LockScale">off</P>
        <P Name="BusOutputAsStruct">off</P>
        <P Name="Unit">inherit</P>
        <P Name="PortDimensions">-1</P>
        <P Name="VarSizeSig">Inherit</P>
        <P Name="SampleTime">-1</P>
        <P Name="SignalType">auto</P>
        <P Name="SamplingMode">auto</P>
        <P Name="LatchByDelayingOutsideSignal">off</P>
        <P Name="LatchInputForFeedbackSignals">off</P>
        <P Name="Interpolate">on</P>
      </Block>
      <Block BlockType="Integrator">
        <P Name="ExternalReset">none</P>
        <P Name="InitialConditionSource">internal</P>
        <P Name="InitialCondition">0</P>
        <P Name="LimitOutput">off</P>
        <P Name="UpperSaturationLimit">inf</P>
        <P Name="LowerSaturationLimit">-inf</P>
        <P Name="WrapState">off</P>
        <P Name="WrappedStateUpperValue">pi</P>
        <P Name="WrappedStateLowerValue">-pi</P>
        <P Name="ShowSaturationPort">off</P>
        <P Name="ShowStatePort">off</P>
        <P Name="AbsoluteTolerance">auto</P>
        <P Name="IgnoreLimit">off</P>
        <P Name="ZeroCross">on</P>
        <P Name="ContinuousStateAttributes">&apos;&apos;</P>
      </Block>
      <Block BlockType="Mux">
        <P Name="Inputs">4</P>
        <P Name="DisplayOption">none</P>
        <P Name="UseBusObject">off</P>
        <P Name="BusObject">BusObject</P>
        <P Name="NonVirtualBus">off</P>
      </Block>
      <Block BlockType="Outport">
        <P Name="Port">1</P>
        <P Name="OutMin">[]</P>
        <P Name="OutMax">[]</P>
        <P Name="OutDataTypeStr">Inherit: auto</P>
        <P Name="LockScale">off</P>
        <P Name="BusOutputAsStruct">off</P>
        <P Name="Unit">inherit</P>
        <P Name="PortDimensions">-1</P>
        <P Name="VarSizeSig">Inherit</P>
        <P Name="SampleTime">-1</P>
        <P Name="SignalType">auto</P>
        <P Name="SamplingMode">auto</P>
        <P Name="SourceOfInitialOutputValue">Dialog</P>
        <P Name="OutputWhenDisabled">held</P>
        <P Name="InitialOutput">[]</P>
      </Block>
      <Block BlockType="S-Function">
        <P Name="FunctionName">system</P>
        <P Name="SFunctionModules">&apos;&apos;</P>
        <P Name="PortCounts">[]</P>
      </Block>
      <Block BlockType="Scope">
        <P Name="DefaultConfigurationName">Simulink.scopes.TimeScopeBlockCfg</P>
        <P Name="NumInputPorts">1</P>
        <P Name="Floating">off</P>
      </Block>
      <Block BlockType="SubSystem">
        <P Name="ShowPortLabels">FromPortIcon</P>
        <P Name="Permissions">ReadWrite</P>
        <P Name="PermitHierarchicalResolution">All</P>
        <P Name="TreatAsAtomicUnit">off</P>
        <P Name="MinAlgLoopOccurrences">off</P>
        <P Name="PropExecContextOutsideSubsystem">off</P>
        <P Name="CheckFcnCallInpInsideContextMsg">off</P>
        <P Name="SystemSampleTime">-1</P>
        <P Name="RTWSystemCode">Auto</P>
        <P Name="RTWFcnNameOpts">Auto</P>
        <P Name="RTWFileNameOpts">Auto</P>
        <P Name="FunctionInterfaceSpec">void_void</P>
        <P Name="FunctionWithSeparateData">off</P>
        <P Name="RTWMemSecFuncInitTerm">Inherit from model</P>
        <P Name="RTWMemSecFuncExecute">Inherit from model</P>
        <P Name="RTWMemSecDataConstants">Inherit from model</P>
        <P Name="RTWMemSecDataInternal">Inherit from model</P>
        <P Name="RTWMemSecDataParameters">Inherit from model</P>
        <P Name="SimViewingDevice">off</P>
        <P Name="DataTypeOverride">UseLocalSettings</P>
        <P Name="DataTypeOverrideAppliesTo">AllNumericTypes</P>
        <P Name="MinMaxOverflowLogging">UseLocalSettings</P>
        <P Name="Opaque">off</P>
        <P Name="MaskHideContents">off</P>
        <P Name="SFBlockType">NONE</P>
        <P Name="GeneratePreprocessorConditionals">off</P>
        <P Name="TreatAsGroupedWhenPropagatingVariantConditions">on</P>
        <P Name="ContentPreviewEnabled">off</P>
        <P Name="IsWebBlock">off</P>
      </Block>
      <Block BlockType="Sum">
        <P Name="IconShape">rectangular</P>
        <P Name="Inputs">++</P>
        <P Name="CollapseMode">All dimensions</P>
        <P Name="CollapseDim">1</P>
        <P Name="InputSameDT">on</P>
        <P Name="AccumDataTypeStr">Inherit: Inherit via internal rule</P>
        <P Name="OutMin">[]</P>
        <P Name="OutMax">[]</P>
        <P Name="OutDataTypeStr">Inherit: Same as first input</P>
        <P Name="LockScale">off</P>
        <P Name="RndMeth">Floor</P>
        <P Name="SaturateOnIntegerOverflow">on</P>
        <P Name="SampleTime">-1</P>
      </Block>
      <Block BlockType="Terminator">
      </Block>
      <Block BlockType="ToWorkspace">
        <P Name="VariableName">simulink_output</P>
        <P Name="MaxDataPoints">1000</P>
        <P Name="Decimation">1</P>
        <P Name="SaveFormat">Array</P>
        <P Name="Save2DSignal">Inherit from input (this choice will be removed - see release notes)</P>
        <P Name="FixptAsFi">off</P>
        <P Name="NumInputs">1</P>
        <P Name="SampleTime">0</P>
      </Block>
    </BlockParameterDefaults>
    <System>
      <P Name="Location">[65, 24, 1920, 1080]</P>
      <P Name="Open">on</P>
      <P Name="TiledPaperMargins">[0.500000, 0.500000, 0.500000, 0.500000]</P>
      <P Name="ZoomFactor">200</P>
      <P Name="ReportName">simulink-default.rpt</P>
      <P Name="SIDHighWatermark">29</P>
      <Block BlockType="Sum" Name="Add" SID="18">
        <P Name="Ports">[3, 1]</P>
        <P Name="Position">[1305, 419, 1335, 451]</P>
        <P Name="ZOrder">13</P>
        <P Name="Inputs">+++</P>
        <P Name="InputSameDT">off</P>
        <P Name="OutDataTypeStr">Inherit: Inherit via internal rule</P>
        <P Name="SaturateOnIntegerOverflow">off</P>
      </Block>
      <Block BlockType="SubSystem" Name="Coriollis_Matrix(v)" SID="12">
        <P Name="Ports">[1, 1]</P>
        <P Name="Position">[1085, 440, 1155, 490]</P>
        <P Name="ZOrder">9</P>
        <P Name="LibraryVersion">1.32</P>
        <P Name="ErrorFcn">Stateflow.Translate.translate</P>
        <P Name="PermitHierarchicalResolution">ExplicitOnly</P>
        <P Name="TreatAsAtomicUnit">on</P>
        <P Name="RequestExecContextInheritance">off</P>
        <P Name="SFBlockType">MATLAB Function</P>
        <P Name="Variant">off</P>
        <System>
          <P Name="Location">[223, 338, 826, 833]</P>
          <P Name="Open">off</P>
          <P Name="PaperType">A4</P>
          <P Name="PaperUnits">centimeters</P>
          <P Name="TiledPaperMargins">[1.270000, 1.270000, 1.270000, 1.270000]</P>
          <P Name="ZoomFactor">100</P>
          <P Name="SIDHighWatermark">22</P>
          <Block BlockType="Inport" Name="vel" SID="12::1">
            <P Name="Position">[20, 101, 40, 119]</P>
            <P Name="ZOrder">-1</P>
            <P Name="IconDisplay">Port number</P>
          </Block>
          <Block BlockType="Demux" Name=" Demux " SID="12::17">
            <P Name="Ports">[1, 1]</P>
            <P Name="Position">[270, 230, 320, 270]</P>
            <P Name="ZOrder">8</P>
            <P Name="Outputs">1</P>
          </Block>
          <Block BlockType="S-Function" Name=" SFunction " SID="12::16">
            <P Name="Tag">Stateflow S-Function dynamics 1</P>
            <P Name="Ports">[1, 2]</P>
            <P Name="Position">[180, 110, 230, 170]</P>
            <P Name="ZOrder">7</P>
            <P Name="FunctionName">sf_sfun</P>
            <P Name="PortCounts">[1 2]</P>
            <P Name="SFunctionDeploymentMode">off</P>
            <P Name="EnableBusSupport">on</P>
            <Port>
              <P Name="PortNumber">2</P>
              <P Name="Name">y</P>
              <P Name="RTWStorageClass">Auto</P>
              <P Name="DataLoggingNameMode">SignalName</P>
            </Port>
          </Block>
          <Block BlockType="Terminator" Name=" Terminator " SID="12::18">
            <P Name="Position">[460, 241, 480, 259]</P>
            <P Name="ZOrder">9</P>
          </Block>
          <Block BlockType="Outport" Name="y" SID="12::5">
            <P Name="Position">[460, 101, 480, 119]</P>
            <P Name="ZOrder">-5</P>
            <P Name="IconDisplay">Port number</P>
          </Block>
          <Line>
            <P Name="ZOrder">53</P>
            <P Name="Src">12::1#out:1</P>
            <P Name="Dst">12::16#in:1</P>
          </Line>
          <Line>
            <P Name="Name">y</P>
            <P Name="ZOrder">54</P>
            <P Name="Labels">[0, 0]</P>
            <P Name="Src">12::16#out:2</P>
            <P Name="Dst">12::5#in:1</P>
          </Line>
          <Line>
            <P Name="ZOrder">55</P>
            <P Name="Src">12::17#out:1</P>
            <P Name="Dst">12::18#in:1</P>
          </Line>
          <Line>
            <P Name="ZOrder">56</P>
            <P Name="Src">12::16#out:1</P>
            <P Name="Dst">12::17#in:1</P>
          </Line>
        </System>
      </Block>
      <Block BlockType="SubSystem" Name="Damping_Matrix(v)" SID="13">
        <P Name="Ports">[1, 1]</P>
        <P Name="Position">[1085, 502, 1155, 548]</P>
        <P Name="ZOrder">10</P>
        <P Name="LibraryVersion">1.32</P>
        <P Name="ErrorFcn">Stateflow.Translate.translate</P>
        <P Name="PermitHierarchicalResolution">ExplicitOnly</P>
        <P Name="TreatAsAtomicUnit">on</P>
        <P Name="RequestExecContextInheritance">off</P>
        <P Name="SFBlockType">MATLAB Function</P>
        <P Name="Variant">off</P>
        <System>
          <P Name="Location">[223, 338, 826, 833]</P>
          <P Name="Open">off</P>
          <P Name="PaperType">A4</P>
          <P Name="PaperUnits">centimeters</P>
          <P Name="TiledPaperMargins">[1.270000, 1.270000, 1.270000, 1.270000]</P>
          <P Name="ZoomFactor">100</P>
          <P Name="SIDHighWatermark">18</P>
          <Block BlockType="Inport" Name="vel" SID="13::1">
            <P Name="Position">[20, 101, 40, 119]</P>
            <P Name="ZOrder">-1</P>
            <P Name="IconDisplay">Port number</P>
          </Block>
          <Block BlockType="Demux" Name=" Demux " SID="13::17">
            <P Name="Ports">[1, 1]</P>
            <P Name="Position">[270, 230, 320, 270]</P>
            <P Name="ZOrder">8</P>
            <P Name="Outputs">1</P>
          </Block>
          <Block BlockType="S-Function" Name=" SFunction " SID="13::16">
            <P Name="Tag">Stateflow S-Function dynamics 3</P>
            <P Name="Ports">[1, 2]</P>
            <P Name="Position">[180, 100, 230, 160]</P>
            <P Name="ZOrder">7</P>
            <P Name="FunctionName">sf_sfun</P>
            <P Name="PortCounts">[1 2]</P>
            <P Name="SFunctionDeploymentMode">off</P>
            <P Name="EnableBusSupport">on</P>
            <Port>
              <P Name="PortNumber">2</P>
              <P Name="Name">y</P>
              <P Name="RTWStorageClass">Auto</P>
              <P Name="DataLoggingNameMode">SignalName</P>
            </Port>
          </Block>
          <Block BlockType="Terminator" Name=" Terminator " SID="13::18">
            <P Name="Position">[460, 241, 480, 259]</P>
            <P Name="ZOrder">9</P>
          </Block>
          <Block BlockType="Outport" Name="y" SID="13::5">
            <P Name="Position">[460, 101, 480, 119]</P>
            <P Name="ZOrder">-5</P>
            <P Name="IconDisplay">Port number</P>
          </Block>
          <Line>
            <P Name="ZOrder">1</P>
            <P Name="Src">13::16#out:1</P>
            <P Name="Dst">13::17#in:1</P>
          </Line>
          <Line>
            <P Name="ZOrder">2</P>
            <P Name="Src">13::17#out:1</P>
            <P Name="Dst">13::18#in:1</P>
          </Line>
          <Line>
            <P Name="Name">y</P>
            <P Name="ZOrder">3</P>
            <P Name="Labels">[0, 0]</P>
            <P Name="Src">13::16#out:2</P>
            <P Name="Dst">13::5#in:1</P>
          </Line>
          <Line>
            <P Name="ZOrder">4</P>
            <P Name="Src">13::1#out:1</P>
            <P Name="Dst">13::16#in:1</P>
          </Line>
        </System>
      </Block>
      <Block BlockType="Integrator" Name="Integrator" SID="1">
        <P Name="Ports">[1, 1]</P>
        <P Name="Position">[920, 285, 950, 315]</P>
        <P Name="ZOrder">1</P>
        <P Name="InitialCondition">[-10;10;10;0;0;0]</P>
      </Block>
      <Block BlockType="Integrator" Name="Integrator1" SID="9">
        <P Name="Ports">[1, 1]</P>
        <P Name="Position">[1210, 275, 1240, 305]</P>
        <P Name="ZOrder">8</P>
        <P Name="InitialCondition">[1;-1;0;0;-2;0]</P>
        <P Name="LimitOutput">on</P>
      </Block>
      <Block BlockType="SubSystem" Name="Jacobian" SID="7">
        <P Name="Ports">[1, 1]</P>
        <P Name="Position">[1085, 267, 1155, 313]</P>
        <P Name="ZOrder">7</P>
        <P Name="LibraryVersion">1.32</P>
        <P Name="ErrorFcn">Stateflow.Translate.translate</P>
        <P Name="PermitHierarchicalResolution">ExplicitOnly</P>
        <P Name="TreatAsAtomicUnit">on</P>
        <P Name="RequestExecContextInheritance">off</P>
        <P Name="SFBlockType">MATLAB Function</P>
        <P Name="Variant">off</P>
        <System>
          <P Name="Location">[223, 338, 826, 833]</P>
          <P Name="Open">off</P>
          <P Name="PaperType">A4</P>
          <P Name="PaperUnits">centimeters</P>
          <P Name="TiledPaperMargins">[1.270000, 1.270000, 1.270000, 1.270000]</P>
          <P Name="ZoomFactor">100</P>
          <P Name="SIDHighWatermark">18</P>
          <Block BlockType="Inport" Name="u" SID="7::1">
            <P Name="Position">[20, 101, 40, 119]</P>
            <P Name="ZOrder">-1</P>
            <P Name="IconDisplay">Port number</P>
          </Block>
          <Block BlockType="Demux" Name=" Demux " SID="7::17">
            <P Name="Ports">[1, 1]</P>
            <P Name="Position">[270, 230, 320, 270]</P>
            <P Name="ZOrder">8</P>
            <P Name="Outputs">1</P>
          </Block>
          <Block BlockType="S-Function" Name=" SFunction " SID="7::16">
            <P Name="Tag">Stateflow S-Function dynamics 2</P>
            <P Name="Ports">[1, 2]</P>
            <P Name="Position">[180, 100, 230, 160]</P>
            <P Name="ZOrder">7</P>
            <P Name="FunctionName">sf_sfun</P>
            <P Name="PortCounts">[1 2]</P>
            <P Name="SFunctionDeploymentMode">off</P>
            <P Name="EnableBusSupport">on</P>
            <Port>
              <P Name="PortNumber">2</P>
              <P Name="Name">eta_dot</P>
              <P Name="RTWStorageClass">Auto</P>
              <P Name="DataLoggingNameMode">SignalName</P>
            </Port>
          </Block>
          <Block BlockType="Terminator" Name=" Terminator " SID="7::18">
            <P Name="Position">[460, 241, 480, 259]</P>
            <P Name="ZOrder">9</P>
          </Block>
          <Block BlockType="Outport" Name="eta_dot" SID="7::5">
            <P Name="Position">[460, 101, 480, 119]</P>
            <P Name="ZOrder">-5</P>
            <P Name="IconDisplay">Port number</P>
          </Block>
          <Line>
            <P Name="ZOrder">5</P>
            <P Name="Src">7::1#out:1</P>
            <P Name="Dst">7::16#in:1</P>
          </Line>
          <Line>
            <P Name="Name">eta_dot</P>
            <P Name="ZOrder">6</P>
            <P Name="Labels">[0, 0]</P>
            <P Name="Src">7::16#out:2</P>
            <P Name="Dst">7::5#in:1</P>
          </Line>
          <Line>
            <P Name="ZOrder">7</P>
            <P Name="Src">7::17#out:1</P>
            <P Name="Dst">7::18#in:1</P>
          </Line>
          <Line>
            <P Name="ZOrder">8</P>
            <P Name="Src">7::16#out:1</P>
            <P Name="Dst">7::17#in:1</P>
          </Line>
        </System>
      </Block>
      <Block BlockType="Mux" Name="Mux" SID="2">
        <P Name="Ports">[2, 1]</P>
        <P Name="Position">[1020, 271, 1025, 309]</P>
        <P Name="ZOrder">2</P>
        <P Name="ShowName">off</P>
        <P Name="Inputs">2</P>
        <P Name="DisplayOption">bar</P>
      </Block>
      <Block BlockType="SubSystem" Name="Restoring_force_vector(eta)" SID="16">
        <P Name="Ports">[1, 1]</P>
        <P Name="Position">[1085, 345, 1155, 405]</P>
        <P Name="ZOrder">12</P>
        <P Name="LibraryVersion">1.32</P>
        <P Name="ErrorFcn">Stateflow.Translate.translate</P>
        <P Name="PermitHierarchicalResolution">ExplicitOnly</P>
        <P Name="TreatAsAtomicUnit">on</P>
        <P Name="RequestExecContextInheritance">off</P>
        <P Name="SFBlockType">MATLAB Function</P>
        <P Name="Variant">off</P>
        <System>
          <P Name="Location">[223, 338, 826, 833]</P>
          <P Name="Open">off</P>
          <P Name="PaperType">A4</P>
          <P Name="PaperUnits">centimeters</P>
          <P Name="TiledPaperMargins">[1.270000, 1.270000, 1.270000, 1.270000]</P>
          <P Name="ZoomFactor">100</P>
          <P Name="SIDHighWatermark">27</P>
          <Block BlockType="Inport" Name="eta" SID="16::1">
            <P Name="Position">[20, 101, 40, 119]</P>
            <P Name="ZOrder">-1</P>
            <P Name="IconDisplay">Port number</P>
          </Block>
          <Block BlockType="Demux" Name=" Demux " SID="16::17">
            <P Name="Ports">[1, 1]</P>
            <P Name="Position">[270, 230, 320, 270]</P>
            <P Name="ZOrder">8</P>
            <P Name="Outputs">1</P>
          </Block>
          <Block BlockType="S-Function" Name=" SFunction " SID="16::16">
            <P Name="Tag">Stateflow S-Function dynamics 4</P>
            <P Name="Ports">[1, 2]</P>
            <P Name="Position">[180, 115, 230, 175]</P>
            <P Name="ZOrder">7</P>
            <P Name="FunctionName">sf_sfun</P>
            <P Name="PortCounts">[1 2]</P>
            <P Name="SFunctionDeploymentMode">off</P>
            <P Name="EnableBusSupport">on</P>
            <Port>
              <P Name="PortNumber">2</P>
              <P Name="Name">y</P>
              <P Name="RTWStorageClass">Auto</P>
              <P Name="DataLoggingNameMode">SignalName</P>
            </Port>
          </Block>
          <Block BlockType="Terminator" Name=" Terminator " SID="16::18">
            <P Name="Position">[460, 241, 480, 259]</P>
            <P Name="ZOrder">9</P>
          </Block>
          <Block BlockType="Outport" Name="y" SID="16::5">
            <P Name="Position">[460, 101, 480, 119]</P>
            <P Name="ZOrder">-5</P>
            <P Name="IconDisplay">Port number</P>
          </Block>
          <Line>
            <P Name="ZOrder">98</P>
            <P Name="Src">16::1#out:1</P>
            <P Name="Dst">16::16#in:1</P>
          </Line>
          <Line>
            <P Name="Name">y</P>
            <P Name="ZOrder">99</P>
            <P Name="Labels">[0, 0]</P>
            <P Name="Src">16::16#out:2</P>
            <P Name="Dst">16::5#in:1</P>
          </Line>
          <Line>
            <P Name="ZOrder">100</P>
            <P Name="Src">16::17#out:1</P>
            <P Name="Dst">16::18#in:1</P>
          </Line>
          <Line>
            <P Name="ZOrder">101</P>
            <P Name="Src">16::16#out:1</P>
            <P Name="Dst">16::17#in:1</P>
          </Line>
        </System>
      </Block>
      <Block BlockType="Scope" Name="Scope" SID="4">
        <P Name="Ports">[1]</P>
        <P Name="Position">[1330, 239, 1360, 271]</P>
        <P Name="ZOrder">4</P>
        <P Name="ScopeSpecificationString">Simulink.scopes.TimeScopeBlockCfg(&apos;CurrentConfiguration&apos;, extmgr.ConfigurationSet(extmgr.Configuration(&apos;Core&apos;,&apos;General UI&apos;,true),extmgr.Configuration(&apos;Core&apos;,&apos;Source UI&apos;,true),extmgr.Configuration(&apos;Sources&apos;,&apos;WiredSimulink&apos;,true),extmgr.Configuration(&apos;Visuals&apos;,&apos;Time Domain&apos;,true,&apos;SerializedDisplays&apos;,{struct(&apos;MinYLimReal&apos;,&apos;-61279.94925&apos;,&apos;MaxYLimReal&apos;,&apos;550905.67193&apos;,&apos;YLabelReal&apos;,&apos;&apos;,&apos;MinYLimMag&apos;,&apos;   0.00000&apos;,&apos;MaxYLimMag&apos;,&apos;550905.67193&apos;,&apos;LegendVisibility&apos;,&apos;off&apos;,&apos;XGrid&apos;,true,&apos;YGrid&apos;,true,&apos;PlotMagPhase&apos;,false,&apos;AxesColor&apos;,[0 0 0],&apos;AxesTickColor&apos;,[0.686274509803922 0.686274509803922 0.686274509803922],&apos;ColorOrder&apos;,[1 1 0.0666666666666667;0.0745098039215686 0.623529411764706 1;1 0.411764705882353 0.16078431372549;0.392156862745098 0.831372549019608 0.0745098039215686;0.717647058823529 0.274509803921569 1;0.0588235294117647 1 1;1 0.0745098039215686 0.650980392156863],&apos;Title&apos;,&apos;%&lt;SignalLabel&gt;&apos;,&apos;LinePropertiesCache&apos;,{{}},&apos;UserDefinedChannelNames&apos;,{{}},&apos;NumLines&apos;,6,&apos;LineNames&apos;,{{&apos;Integrator1:1&apos;,&apos;Integrator1:2&apos;,&apos;Integrator1:3&apos;,&apos;Integrator1:4&apos;,&apos;Integrator1:5&apos;,&apos;Integrator1:6&apos;}},&apos;ShowContent&apos;,true,&apos;Placement&apos;,1)},&apos;DisplayPropertyDefaults&apos;,struct(&apos;MinYLimReal&apos;,&apos;-61279.94925&apos;,&apos;MaxYLimReal&apos;,&apos;550905.67193&apos;,&apos;YLabelReal&apos;,&apos;&apos;,&apos;MinYLimMag&apos;,&apos;   0.00000&apos;,&apos;MaxYLimMag&apos;,&apos;550905.67193&apos;,&apos;LegendVisibility&apos;,&apos;off&apos;,&apos;XGrid&apos;,true,&apos;YGrid&apos;,true,&apos;PlotMagPhase&apos;,false,&apos;AxesColor&apos;,[0 0 0],&apos;AxesTickColor&apos;,[0.686274509803922 0.686274509803922 0.686274509803922],&apos;ColorOrder&apos;,[0.0745098039215686 0.623529411764706 1;1 0.411764705882353 0.16078431372549;1 1 0.0666666666666667;0.717647058823529 0.274509803921569 1;0.392156862745098 0.831372549019608 0.0745098039215686;0.0588235294117647 1 1;1 0.0745098039215686 0.650980392156863])),extmgr.Configuration(&apos;Tools&apos;,&apos;Plot Navigation&apos;,true),extmgr.Configuration(&apos;Tools&apos;,&apos;Measurements&apos;,true,&apos;Version&apos;,&apos;2016a&apos;)),&apos;Version&apos;,&apos;2016a&apos;,&apos;Position&apos;,[406 -290 1847 1001])</P>
      </Block>
      <Block BlockType="Scope" Name="Scope1" SID="28">
        <P Name="Ports">[1]</P>
        <P Name="Position">[885, 144, 915, 176]</P>
        <P Name="ZOrder">21</P>
        <P Name="ScopeSpecificationString">Simulink.scopes.TimeScopeBlockCfg(&apos;CurrentConfiguration&apos;, extmgr.ConfigurationSet(extmgr.Configuration(&apos;Core&apos;,&apos;General UI&apos;,true),extmgr.Configuration(&apos;Core&apos;,&apos;Source UI&apos;,true),extmgr.Configuration(&apos;Sources&apos;,&apos;WiredSimulink&apos;,true,&apos;DataLoggingVariableName&apos;,&apos;ScopeData1&apos;),extmgr.Configuration(&apos;Visuals&apos;,&apos;Time Domain&apos;,true,&apos;SerializedDisplays&apos;,{struct(&apos;MinYLimReal&apos;,&apos;-10921990794.6486&apos;,&apos;MaxYLimReal&apos;,&apos;98297916378.66682&apos;,&apos;YLabelReal&apos;,&apos;&apos;,&apos;MinYLimMag&apos;,&apos;         0.00000&apos;,&apos;MaxYLimMag&apos;,&apos;98297916378.66682&apos;,&apos;LegendVisibility&apos;,&apos;off&apos;,&apos;XGrid&apos;,true,&apos;YGrid&apos;,true,&apos;PlotMagPhase&apos;,false,&apos;AxesColor&apos;,[0 0 0],&apos;AxesTickColor&apos;,[0.686274509803922 0.686274509803922 0.686274509803922],&apos;ColorOrder&apos;,[1 1 0.0666666666666667;0.0745098039215686 0.623529411764706 1;1 0.411764705882353 0.16078431372549;0.392156862745098 0.831372549019608 0.0745098039215686;0.717647058823529 0.274509803921569 1;0.0588235294117647 1 1;1 0.0745098039215686 0.650980392156863],&apos;Title&apos;,&apos;%&lt;SignalLabel&gt;&apos;,&apos;LinePropertiesCache&apos;,{{}},&apos;UserDefinedChannelNames&apos;,{{}},&apos;NumLines&apos;,6,&apos;LineNames&apos;,{{&apos;inv(M)*sum1:1&apos;,&apos;inv(M)*sum1:2&apos;,&apos;inv(M)*sum1:3&apos;,&apos;inv(M)*sum1:4&apos;,&apos;inv(M)*sum1:5&apos;,&apos;inv(M)*sum1:6&apos;}},&apos;ShowContent&apos;,true,&apos;Placement&apos;,1)},&apos;DisplayPropertyDefaults&apos;,struct(&apos;MinYLimReal&apos;,&apos;-10921990794.6486&apos;,&apos;MaxYLimReal&apos;,&apos;98297916378.66682&apos;,&apos;YLabelReal&apos;,&apos;&apos;,&apos;MinYLimMag&apos;,&apos;         0.00000&apos;,&apos;MaxYLimMag&apos;,&apos;98297916378.66682&apos;,&apos;LegendVisibility&apos;,&apos;off&apos;,&apos;XGrid&apos;,true,&apos;YGrid&apos;,true,&apos;PlotMagPhase&apos;,false,&apos;AxesColor&apos;,[0 0 0],&apos;AxesTickColor&apos;,[0.686274509803922 0.686274509803922 0.686274509803922],&apos;ColorOrder&apos;,[0.0745098039215686 0.623529411764706 1;1 0.411764705882353 0.16078431372549;1 1 0.0666666666666667;0.717647058823529 0.274509803921569 1;0.392156862745098 0.831372549019608 0.0745098039215686;0.0588235294117647 1 1;1 0.0745098039215686 0.650980392156863])),extmgr.Configuration(&apos;Tools&apos;,&apos;Plot Navigation&apos;,true),extmgr.Configuration(&apos;Tools&apos;,&apos;Measurements&apos;,true,&apos;Version&apos;,&apos;2016a&apos;)),&apos;Version&apos;,&apos;2016a&apos;,&apos;Position&apos;,[66 1 1855 1001])</P>
      </Block>
      <Block BlockType="Scope" Name="Scope2" SID="29">
        <P Name="Ports">[1]</P>
        <P Name="Position">[1430, 454, 1460, 486]</P>
        <P Name="ZOrder">22</P>
        <P Name="ScopeSpecificationString">Simulink.scopes.TimeScopeBlockCfg(&apos;CurrentConfiguration&apos;, extmgr.ConfigurationSet(extmgr.Configuration(&apos;Core&apos;,&apos;General UI&apos;,true),extmgr.Configuration(&apos;Core&apos;,&apos;Source UI&apos;,true),extmgr.Configuration(&apos;Sources&apos;,&apos;WiredSimulink&apos;,true,&apos;DataLoggingVariableName&apos;,&apos;ScopeData2&apos;),extmgr.Configuration(&apos;Visuals&apos;,&apos;Time Domain&apos;,true,&apos;SerializedDisplays&apos;,{struct(&apos;MinYLimReal&apos;,&apos;-190073850847080.00000&apos;,&apos;MaxYLimReal&apos;,&apos;132230427206214.4375&apos;,&apos;YLabelReal&apos;,&apos;&apos;,&apos;MinYLimMag&apos;,&apos;             0.00000&apos;,&apos;MaxYLimMag&apos;,&apos;190073850847080.00000&apos;,&apos;LegendVisibility&apos;,&apos;off&apos;,&apos;XGrid&apos;,true,&apos;YGrid&apos;,true,&apos;PlotMagPhase&apos;,false,&apos;AxesColor&apos;,[0 0 0],&apos;AxesTickColor&apos;,[0.686274509803922 0.686274509803922 0.686274509803922],&apos;ColorOrder&apos;,[1 1 0.0666666666666667;0.0745098039215686 0.623529411764706 1;1 0.411764705882353 0.16078431372549;0.392156862745098 0.831372549019608 0.0745098039215686;0.717647058823529 0.274509803921569 1;0.0588235294117647 1 1;1 0.0745098039215686 0.650980392156863],&apos;Title&apos;,&apos;%&lt;SignalLabel&gt;&apos;,&apos;LinePropertiesCache&apos;,{{}},&apos;UserDefinedChannelNames&apos;,{{}},&apos;NumLines&apos;,6,&apos;LineNames&apos;,{{&apos;sum1:1&apos;,&apos;sum1:2&apos;,&apos;sum1:3&apos;,&apos;sum1:4&apos;,&apos;sum1:5&apos;,&apos;sum1:6&apos;}},&apos;ShowContent&apos;,true,&apos;Placement&apos;,1)},&apos;DisplayPropertyDefaults&apos;,struct(&apos;MinYLimReal&apos;,&apos;-190073850847080.00000&apos;,&apos;MaxYLimReal&apos;,&apos;132230427206214.4375&apos;,&apos;YLabelReal&apos;,&apos;&apos;,&apos;MinYLimMag&apos;,&apos;             0.00000&apos;,&apos;MaxYLimMag&apos;,&apos;190073850847080.00000&apos;,&apos;LegendVisibility&apos;,&apos;off&apos;,&apos;XGrid&apos;,true,&apos;YGrid&apos;,true,&apos;PlotMagPhase&apos;,false,&apos;AxesColor&apos;,[0 0 0],&apos;AxesTickColor&apos;,[0.686274509803922 0.686274509803922 0.686274509803922],&apos;ColorOrder&apos;,[0.0745098039215686 0.623529411764706 1;1 0.411764705882353 0.16078431372549;1 1 0.0666666666666667;0.717647058823529 0.274509803921569 1;0.392156862745098 0.831372549019608 0.0745098039215686;0.0588235294117647 1 1;1 0.0745098039215686 0.650980392156863])),extmgr.Configuration(&apos;Tools&apos;,&apos;Plot Navigation&apos;,true),extmgr.Configuration(&apos;Tools&apos;,&apos;Measurements&apos;,true,&apos;Version&apos;,&apos;2016a&apos;)),&apos;Version&apos;,&apos;2016a&apos;,&apos;Position&apos;,[76 1 1845 973])</P>
      </Block>
      <Block BlockType="Constant" Name="T(force_column_vector)" SID="20">
        <P Name="Position">[1285, 345, 1315, 375]</P>
        <P Name="ZOrder">15</P>
        <P Name="Value">[0;0;0;0;0;0]</P>
      </Block>
      <Block BlockType="Scope" Name="eta_dot" SID="25">
        <P Name="Ports">[1]</P>
        <P Name="Position">[1175, 144, 1205, 176]</P>
        <P Name="ZOrder">19</P>
        <P Name="ScopeSpecificationString">Simulink.scopes.TimeScopeBlockCfg(&apos;CurrentConfiguration&apos;, extmgr.ConfigurationSet(extmgr.Configuration(&apos;Core&apos;,&apos;General UI&apos;,true),extmgr.Configuration(&apos;Core&apos;,&apos;Source UI&apos;,true),extmgr.Configuration(&apos;Sources&apos;,&apos;WiredSimulink&apos;,true,&apos;DataLoggingVariableName&apos;,&apos;ScopeData1&apos;),extmgr.Configuration(&apos;Visuals&apos;,&apos;Time Domain&apos;,true,&apos;SerializedDisplays&apos;,{struct(&apos;MinYLimReal&apos;,&apos;-2.30568&apos;,&apos;MaxYLimReal&apos;,&apos;0.7511&apos;,&apos;YLabelReal&apos;,&apos;&apos;,&apos;MinYLimMag&apos;,&apos;0.00000&apos;,&apos;MaxYLimMag&apos;,&apos;2.30568&apos;,&apos;LegendVisibility&apos;,&apos;off&apos;,&apos;XGrid&apos;,true,&apos;YGrid&apos;,true,&apos;PlotMagPhase&apos;,false,&apos;AxesColor&apos;,[0 0 0],&apos;AxesTickColor&apos;,[0.686274509803922 0.686274509803922 0.686274509803922],&apos;ColorOrder&apos;,[1 1 0.0666666666666667;0.0745098039215686 0.623529411764706 1;1 0.411764705882353 0.16078431372549;0.392156862745098 0.831372549019608 0.0745098039215686;0.717647058823529 0.274509803921569 1;0.0588235294117647 1 1;1 0.0745098039215686 0.650980392156863],&apos;Title&apos;,&apos;%&lt;SignalLabel&gt;&apos;,&apos;LinePropertiesCache&apos;,{{}},&apos;UserDefinedChannelNames&apos;,{{}},&apos;NumLines&apos;,6,&apos;LineNames&apos;,{{&apos;Jacobian:1&apos;,&apos;Jacobian:2&apos;,&apos;Jacobian:3&apos;,&apos;Jacobian:4&apos;,&apos;Jacobian:5&apos;,&apos;Jacobian:6&apos;}},&apos;ShowContent&apos;,true,&apos;Placement&apos;,1)},&apos;DisplayPropertyDefaults&apos;,struct(&apos;MinYLimReal&apos;,&apos;-2.30568&apos;,&apos;MaxYLimReal&apos;,&apos;0.7511&apos;,&apos;YLabelReal&apos;,&apos;&apos;,&apos;MinYLimMag&apos;,&apos;0.00000&apos;,&apos;MaxYLimMag&apos;,&apos;2.30568&apos;,&apos;LegendVisibility&apos;,&apos;off&apos;,&apos;XGrid&apos;,true,&apos;YGrid&apos;,true,&apos;PlotMagPhase&apos;,false,&apos;AxesColor&apos;,[0 0 0],&apos;AxesTickColor&apos;,[0.686274509803922 0.686274509803922 0.686274509803922],&apos;ColorOrder&apos;,[0.0745098039215686 0.623529411764706 1;1 0.411764705882353 0.16078431372549;1 1 0.0666666666666667;0.717647058823529 0.274509803921569 1;0.392156862745098 0.831372549019608 0.0745098039215686;0.0588235294117647 1 1;1 0.0745098039215686 0.650980392156863])),extmgr.Configuration(&apos;Tools&apos;,&apos;Plot Navigation&apos;,true),extmgr.Configuration(&apos;Tools&apos;,&apos;Measurements&apos;,true,&apos;Version&apos;,&apos;2016a&apos;)),&apos;Version&apos;,&apos;2016a&apos;,&apos;Position&apos;,[66 1 1855 1001])</P>
      </Block>
      <Block BlockType="SubSystem" Name="inv(M)*sum1" SID="22">
        <P Name="Ports">[1, 1]</P>
        <P Name="Position">[1445, 384, 1515, 436]</P>
        <P Name="ZOrder">17</P>
        <P Name="LibraryVersion">1.32</P>
        <P Name="ErrorFcn">Stateflow.Translate.translate</P>
        <P Name="PermitHierarchicalResolution">ExplicitOnly</P>
        <P Name="TreatAsAtomicUnit">on</P>
        <P Name="RequestExecContextInheritance">off</P>
        <P Name="SFBlockType">MATLAB Function</P>
        <P Name="Variant">off</P>
        <System>
          <P Name="Location">[223, 338, 826, 833]</P>
          <P Name="Open">off</P>
          <P Name="PaperType">A4</P>
          <P Name="PaperUnits">centimeters</P>
          <P Name="TiledPaperMargins">[1.270000, 1.270000, 1.270000, 1.270000]</P>
          <P Name="ZoomFactor">100</P>
          <P Name="SIDHighWatermark">23</P>
          <Block BlockType="Inport" Name="u" SID="22::1">
            <P Name="Position">[20, 101, 40, 119]</P>
            <P Name="ZOrder">-1</P>
            <P Name="IconDisplay">Port number</P>
          </Block>
          <Block BlockType="Demux" Name=" Demux " SID="22::17">
            <P Name="Ports">[1, 1]</P>
            <P Name="Position">[270, 230, 320, 270]</P>
            <P Name="ZOrder">8</P>
            <P Name="Outputs">1</P>
          </Block>
          <Block BlockType="S-Function" Name=" SFunction " SID="22::16">
            <P Name="Tag">Stateflow S-Function dynamics 5</P>
            <P Name="Ports">[1, 2]</P>
            <P Name="Position">[180, 115, 230, 175]</P>
            <P Name="ZOrder">7</P>
            <P Name="FunctionName">sf_sfun</P>
            <P Name="PortCounts">[1 2]</P>
            <P Name="SFunctionDeploymentMode">off</P>
            <P Name="EnableBusSupport">on</P>
            <Port>
              <P Name="PortNumber">2</P>
              <P Name="Name">vdot</P>
              <P Name="RTWStorageClass">Auto</P>
              <P Name="DataLoggingNameMode">SignalName</P>
            </Port>
          </Block>
          <Block BlockType="Terminator" Name=" Terminator " SID="22::18">
            <P Name="Position">[460, 241, 480, 259]</P>
            <P Name="ZOrder">9</P>
          </Block>
          <Block BlockType="Outport" Name="vdot" SID="22::5">
            <P Name="Position">[460, 101, 480, 119]</P>
            <P Name="ZOrder">-5</P>
            <P Name="IconDisplay">Port number</P>
          </Block>
          <Line>
            <P Name="ZOrder">70</P>
            <P Name="Src">22::1#out:1</P>
            <P Name="Dst">22::16#in:1</P>
          </Line>
          <Line>
            <P Name="Name">vdot</P>
            <P Name="ZOrder">71</P>
            <P Name="Labels">[0, 0]</P>
            <P Name="Src">22::16#out:2</P>
            <P Name="Dst">22::5#in:1</P>
          </Line>
          <Line>
            <P Name="ZOrder">72</P>
            <P Name="Src">22::17#out:1</P>
            <P Name="Dst">22::18#in:1</P>
          </Line>
          <Line>
            <P Name="ZOrder">73</P>
            <P Name="Src">22::16#out:1</P>
            <P Name="Dst">22::17#in:1</P>
          </Line>
        </System>
      </Block>
      <Block BlockType="ToWorkspace" Name="position_g" SID="24">
        <P Name="Ports">[1]</P>
        <P Name="Position">[1340, 295, 1400, 325]</P>
        <P Name="ZOrder">18</P>
        <P Name="VariableName">position_g</P>
        <P Name="MaxDataPoints">inf</P>
        <P Name="SaveFormat">Timeseries</P>
        <P Name="Save2DSignal">3-D array (concatenate along third dimension)</P>
        <P Name="FixptAsFi">on</P>
        <P Name="SampleTime">-1</P>
      </Block>
      <Block BlockType="Sum" Name="sum1" SID="19">
        <P Name="Ports">[2, 1]</P>
        <P Name="Position">[1370, 376, 1400, 409]</P>
        <P Name="ZOrder">14</P>
        <P Name="Inputs">+-</P>
        <P Name="InputSameDT">off</P>
        <P Name="OutDataTypeStr">Inherit: Inherit via internal rule</P>
        <P Name="SaturateOnIntegerOverflow">off</P>
      </Block>
      <Block BlockType="Scope" Name="v&#xA;" SID="26">
        <P Name="Ports">[1]</P>
        <P Name="Position">[965, 124, 995, 156]</P>
        <P Name="ZOrder">20</P>
        <P Name="ScopeSpecificationString">Simulink.scopes.TimeScopeBlockCfg(&apos;CurrentConfiguration&apos;, extmgr.ConfigurationSet(extmgr.Configuration(&apos;Core&apos;,&apos;General UI&apos;,true),extmgr.Configuration(&apos;Core&apos;,&apos;Source UI&apos;,true),extmgr.Configuration(&apos;Sources&apos;,&apos;WiredSimulink&apos;,true,&apos;DataLoggingVariableName&apos;,&apos;ScopeData2&apos;),extmgr.Configuration(&apos;Visuals&apos;,&apos;Time Domain&apos;,true,&apos;SerializedDisplays&apos;,{struct(&apos;MinYLimReal&apos;,&apos;-36493733.45227&apos;,&apos;MaxYLimReal&apos;,&apos;328438560.30227&apos;,&apos;YLabelReal&apos;,&apos;&apos;,&apos;MinYLimMag&apos;,&apos;      0.00000&apos;,&apos;MaxYLimMag&apos;,&apos;328438560.30227&apos;,&apos;LegendVisibility&apos;,&apos;off&apos;,&apos;XGrid&apos;,true,&apos;YGrid&apos;,true,&apos;PlotMagPhase&apos;,false,&apos;AxesColor&apos;,[0 0 0],&apos;AxesTickColor&apos;,[0.686274509803922 0.686274509803922 0.686274509803922],&apos;ColorOrder&apos;,[1 1 0.0666666666666667;0.0745098039215686 0.623529411764706 1;1 0.411764705882353 0.16078431372549;0.392156862745098 0.831372549019608 0.0745098039215686;0.717647058823529 0.274509803921569 1;0.0588235294117647 1 1;1 0.0745098039215686 0.650980392156863],&apos;Title&apos;,&apos;%&lt;SignalLabel&gt;&apos;,&apos;LinePropertiesCache&apos;,{{}},&apos;UserDefinedChannelNames&apos;,{{}},&apos;NumLines&apos;,6,&apos;LineNames&apos;,{{&apos;Integrator:1&apos;,&apos;Integrator:2&apos;,&apos;Integrator:3&apos;,&apos;Integrator:4&apos;,&apos;Integrator:5&apos;,&apos;Integrator:6&apos;}},&apos;ShowContent&apos;,true,&apos;Placement&apos;,1)},&apos;DisplayPropertyDefaults&apos;,struct(&apos;MinYLimReal&apos;,&apos;-36493733.45227&apos;,&apos;MaxYLimReal&apos;,&apos;328438560.30227&apos;,&apos;YLabelReal&apos;,&apos;&apos;,&apos;MinYLimMag&apos;,&apos;      0.00000&apos;,&apos;MaxYLimMag&apos;,&apos;328438560.30227&apos;,&apos;LegendVisibility&apos;,&apos;off&apos;,&apos;XGrid&apos;,true,&apos;YGrid&apos;,true,&apos;PlotMagPhase&apos;,false,&apos;AxesColor&apos;,[0 0 0],&apos;AxesTickColor&apos;,[0.686274509803922 0.686274509803922 0.686274509803922],&apos;ColorOrder&apos;,[0.0745098039215686 0.623529411764706 1;1 0.411764705882353 0.16078431372549;1 1 0.0666666666666667;0.717647058823529 0.274509803921569 1;0.392156862745098 0.831372549019608 0.0745098039215686;0.0588235294117647 1 1;1 0.0745098039215686 0.650980392156863])),extmgr.Configuration(&apos;Tools&apos;,&apos;Plot Navigation&apos;,true),extmgr.Configuration(&apos;Tools&apos;,&apos;Measurements&apos;,true,&apos;Version&apos;,&apos;2016a&apos;)),&apos;Version&apos;,&apos;2016a&apos;,&apos;Position&apos;,[66 1 1855 1001])</P>
      </Block>
      <Line>
        <P Name="ZOrder">2</P>
        <P Name="Src">1#out:1</P>
        <P Name="Points">[11, 0]</P>
        <Branch>
          <P Name="ZOrder">35</P>
          <P Name="Points">[0, -48; -22, 0; 0, -112]</P>
          <P Name="Dst">26#in:1</P>
        </Branch>
        <Branch>
          <P Name="ZOrder">13</P>
          <P Name="Dst">2#in:2</P>
        </Branch>
        <Branch>
          <P Name="ZOrder">7</P>
          <P Name="Points">[0, 135; 8, 0; 0, 20]</P>
          <Branch>
            <P Name="ZOrder">9</P>
            <P Name="Points">[0, 70]</P>
            <P Name="Dst">13#in:1</P>
          </Branch>
          <Branch>
            <P Name="ZOrder">8</P>
            <P Name="Points">[96, 0]</P>
            <P Name="Dst">12#in:1</P>
          </Branch>
        </Branch>
      </Line>
      <Line>
        <P Name="ZOrder">3</P>
        <P Name="Src">2#out:1</P>
        <P Name="Dst">7#in:1</P>
      </Line>
      <Line>
        <P Name="ZOrder">4</P>
        <P Name="Src">7#out:1</P>
        <P Name="Points">[3, 0]</P>
        <Branch>
          <P Name="ZOrder">31</P>
          <P Name="Points">[0, -130]</P>
          <P Name="Dst">25#in:1</P>
        </Branch>
        <Branch>
          <P Name="ZOrder">30</P>
          <P Name="Dst">9#in:1</P>
        </Branch>
      </Line>
      <Line>
        <P Name="ZOrder">5</P>
        <P Name="Src">9#out:1</P>
        <P Name="Points">[31, 0]</P>
        <Branch>
          <P Name="ZOrder">16</P>
          <P Name="Points">[0, 20]</P>
          <Branch>
            <P Name="ZOrder">29</P>
            <P Name="Dst">24#in:1</P>
          </Branch>
          <Branch>
            <P Name="ZOrder">28</P>
            <P Name="Points">[0, 22; -219, 0; 0, 43]</P>
            <P Name="Dst">16#in:1</P>
          </Branch>
        </Branch>
        <Branch>
          <P Name="ZOrder">15</P>
          <P Name="Points">[3, 0; 0, -35]</P>
          <Branch>
            <P Name="ZOrder">27</P>
            <P Name="Dst">4#in:1</P>
          </Branch>
          <Branch>
            <P Name="ZOrder">26</P>
            <P Name="Points">[0, -15; -281, 0; 0, 40]</P>
            <P Name="Dst">2#in:1</P>
          </Branch>
        </Branch>
      </Line>
      <Line>
        <P Name="ZOrder">17</P>
        <P Name="Src">16#out:1</P>
        <P Name="Points">[63, 0; 0, 50]</P>
        <P Name="Dst">18#in:1</P>
      </Line>
      <Line>
        <P Name="ZOrder">18</P>
        <P Name="Src">12#out:1</P>
        <P Name="Points">[21, 0; 0, -30]</P>
        <P Name="Dst">18#in:2</P>
      </Line>
      <Line>
        <P Name="ZOrder">19</P>
        <P Name="Src">13#out:1</P>
        <P Name="Points">[46, 0; 0, -80]</P>
        <P Name="Dst">18#in:3</P>
      </Line>
      <Line>
        <P Name="ZOrder">21</P>
        <P Name="Src">18#out:1</P>
        <P Name="Points">[15, 0]</P>
        <P Name="Dst">19#in:2</P>
      </Line>
      <Line>
        <P Name="ZOrder">22</P>
        <P Name="Src">20#out:1</P>
        <P Name="Points">[35, 0]</P>
        <P Name="Dst">19#in:1</P>
      </Line>
      <Line>
        <P Name="ZOrder">25</P>
        <P Name="Src">22#out:1</P>
        <P Name="Points">[9, 0; 0, -192; -655, 0]</P>
        <Branch>
          <P Name="ZOrder">60</P>
          <P Name="Points">[0, 82]</P>
          <P Name="Dst">1#in:1</P>
        </Branch>
        <Branch>
          <P Name="ZOrder">59</P>
          <P Name="Points">[0, -58]</P>
          <P Name="Dst">28#in:1</P>
        </Branch>
      </Line>
      <Line>
        <P Name="ZOrder">24</P>
        <P Name="Src">19#out:1</P>
        <P Name="Points">[9, 0]</P>
        <Branch>
          <P Name="ZOrder">65</P>
          <P Name="Points">[0, 75]</P>
          <P Name="Dst">29#in:1</P>
        </Branch>
        <Branch>
          <P Name="ZOrder">64</P>
          <P Name="Points">[16, 0]</P>
          <P Name="Dst">22#in:1</P>
        </Branch>
      </Line>
      <Annotation SID="23">
        <P Name="Name">vdot</P>
        <P Name="Position">[885, 285, 905, 299]</P>
        <P Name="InternalMargins">[0, 0, 0, 0]</P>
        <P Name="FixedHeight">off</P>
        <P Name="FixedWidth">off</P>
        <P Name="HorizontalAlignment">left</P>
        <P Name="VerticalAlignment">top</P>
        <P Name="ZOrder">-1</P>
      </Annotation>
      <Annotation SID="17">
        <P Name="Name">eta</P>
        <P Name="Position">[1039, 346, 1054, 360]</P>
        <P Name="InternalMargins">[0, 0, 0, 0]</P>
        <P Name="FixedHeight">off</P>
        <P Name="FixedWidth">off</P>
        <P Name="HorizontalAlignment">left</P>
        <P Name="VerticalAlignment">top</P>
        <P Name="ZOrder">-2</P>
      </Annotation>
      <Annotation SID="15">
        <P Name="Name">v</P>
        <P Name="Position">[977, 283, 984, 297]</P>
        <P Name="InternalMargins">[0, 0, 0, 0]</P>
        <P Name="FixedHeight">off</P>
        <P Name="FixedWidth">off</P>
        <P Name="HorizontalAlignment">left</P>
        <P Name="VerticalAlignment">top</P>
        <P Name="ZOrder">-3</P>
      </Annotation>
      <Annotation SID="11">
        <P Name="Name">eta
</P>
        <P Name="Position">[1252, 277, 1267, 303]</P>
        <P Name="InternalMargins">[0, 0, 0, 0]</P>
        <P Name="FixedHeight">off</P>
        <P Name="FixedWidth">off</P>
        <P Name="HorizontalAlignment">left</P>
        <P Name="VerticalAlignment">top</P>
        <P Name="ZOrder">-4</P>
      </Annotation>
      <Annotation SID="10">
        <P Name="Name">eta_dot</P>
        <P Name="Position">[1161, 275, 1196, 289]</P>
        <P Name="InternalMargins">[0, 0, 0, 0]</P>
        <P Name="FixedHeight">off</P>
        <P Name="FixedWidth">off</P>
        <P Name="HorizontalAlignment">left</P>
        <P Name="VerticalAlignment">top</P>
        <P Name="ZOrder">-5</P>
      </Annotation>
      <Annotation SID="8">
        <P Name="Name">[eta,v]</P>
        <P Name="Position">[1038, 271, 1067, 285]</P>
        <P Name="InternalMargins">[0, 0, 0, 0]</P>
        <P Name="FixedHeight">off</P>
        <P Name="FixedWidth">off</P>
        <P Name="HorizontalAlignment">left</P>
        <P Name="VerticalAlignment">top</P>
        <P Name="ZOrder">-6</P>
      </Annotation>
    </System>
  </Model>
</ModelInformation>
